{
  "mean_area": {
    "pearson_r": -0.06969647329205801,
    "p_value": 0.32675454496964784,
    "significant": false,
    "n_samples": 200
  },
  "count": {
    "pearson_r": 0.05142204792853437,
    "p_value": 0.46959514376333356,
    "significant": false,
    "n_samples": 200
  },
  "mean_perimeter": {
    "pearson_r": 0.00628667829247425,
    "p_value": 0.9295979791274365,
    "significant": false,
    "n_samples": 200
  },
  "mean_eccentricity": {
    "pearson_r": 0.11173999771594394,
    "p_value": 0.11519311903886867,
    "significant": false,
    "n_samples": 200
  },
  "mean_form_factor": {
    "pearson_r": -0.003466978680328273,
    "p_value": 0.9611398047642742,
    "significant": false,
    "n_samples": 200
  },
  "mean_aspect_ratio": {
    "pearson_r": 0.05120290626742873,
    "p_value": 0.47149289773078407,
    "significant": false,
    "n_samples": 200
  },
  "mean_solidity": {
    "pearson_r": 0.028123283084898903,
    "p_value": 0.6926151941737617,
    "significant": false,
    "n_samples": 200
  }
}