{
  "dice_mean": 0.04888741513337431,
  "dice_std": 0.04691296044799361,
  "miou_mean": 0.025662760723779404,
  "miou_std": 0.025363796027606043,
  "pa_mean": 0.28025808640615835,
  "pa_std": 0.2238770713454487,
  "n_samples": 200,
  "n_datasets": 2
}