{
  "dice_mean": 0.07192684375820728,
  "dice_std": 0.05264882573570595,
  "miou_mean": 0.03809064099834534,
  "miou_std": 0.0289280039911202,
  "pa_mean": 0.685927365207764,
  "pa_std": 0.07381353066629358,
  "n_samples": 200,
  "n_datasets": 2
}