{
  "dice_mean": 0.4316448334664683,
  "dice_std": 0.29913576740369874,
  "miou_mean": 0.32378911950667244,
  "miou_std": 0.25999641125231965,
  "pa_mean": 0.9807866235580645,
  "pa_std": 0.014833193135444333,
  "n_samples": 200,
  "n_datasets": 2
}